{
	"info": {
		"_postman_id": "382df6ed-5c36-4187-93b4-b3c9f52a28f7",
		"name": "DjangoAuthAPI",
		"schema": "https://schema.getpostman.com/json/collection/v2.1.0/collection.json"
	},
	"item": [
		{
			"name": "User Registration",
			"request": {
				"method": "POST",
				"header": [
					{
						"key": "Accept",
						"value": "application/json",
						"type": "default"
					}
				],
				"body": {
					"mode": "raw",
					"raw": "{\r\n    \"email\":\"sonam@example.com\",\r\n    \"name\":\"Sonam\",\r\n    \"password\":\"123456\",\r\n    \"password2\":\"123456\",\r\n    \"tc\":\"True\"   \r\n}",
					"options": {
						"raw": {
							"language": "json"
						}
					}
				},
				"url": {
					"raw": "http://127.0.0.1:8000/api/user/register/",
					"protocol": "http",
					"host": [
						"127",
						"0",
						"0",
						"1"
					],
					"port": "8000",
					"path": [
						"api",
						"user",
						"register",
						""
					]
				}
			},
			"response": []
		},
		{
			"name": "Login User",
			"request": {
				"method": "POST",
				"header": [
					{
						"key": "Accept",
						"value": "application/json",
						"type": "default"
					}
				],
				"body": {
					"mode": "raw",
					"raw": "{\r\n    \"email\":\"sonam@example.com\",\r\n    \"password\":\"hello123\"\r\n}",
					"options": {
						"raw": {
							"language": "json"
						}
					}
				},
				"url": {
					"raw": "http://127.0.0.1:8000/api/user/login/",
					"protocol": "http",
					"host": [
						"127",
						"0",
						"0",
						"1"
					],
					"port": "8000",
					"path": [
						"api",
						"user",
						"login",
						""
					]
				}
			},
			"response": []
		},
		{
			"name": "User Profile",
			"request": {
				"method": "GET",
				"header": [
					{
						"key": "Accept",
						"value": "application/json",
						"type": "default"
					},
					{
						"key": "Authorization",
						"value": "Bearer eyJ0eXAiOiJKV1QiLCJhbGciOiJIUzI1NiJ9.eyJ0b2tlbl90eXBlIjoiYWNjZXNzIiwiZXhwIjoxNjQ3MDE5ODcxLCJpYXQiOjE2NDcwMTg2NzEsImp0aSI6ImFlNmI0NGZkMDZmNzQ1YTM4ZmNmMDAwNzYyZTBmMWY3IiwidXNlcl9pZCI6M30.CoFApzWegFkj-j-zXpp9gixPQusKm3Jr0wkxGfGVjQQ",
						"type": "default"
					}
				],
				"url": {
					"raw": "http://127.0.0.1:8000/api/user/profile/",
					"protocol": "http",
					"host": [
						"127",
						"0",
						"0",
						"1"
					],
					"port": "8000",
					"path": [
						"api",
						"user",
						"profile",
						""
					]
				}
			},
			"response": []
		},
		{
			"name": "Change User Password",
			"request": {
				"method": "POST",
				"header": [
					{
						"key": "Accept",
						"value": "application/json",
						"type": "default"
					},
					{
						"key": "Authorization",
						"value": "Bearer eyJ0eXAiOiJKV1QiLCJhbGciOiJIUzI1NiJ9.eyJ0b2tlbl90eXBlIjoiYWNjZXNzIiwiZXhwIjoxNjQ3MDI1ODk4LCJpYXQiOjE2NDcwMjQ2OTgsImp0aSI6IjBiZGVmMmZlMGExZjQwYzBhYTMxYThjNDIyNTk2YWVjIiwidXNlcl9pZCI6M30.VayLoMpf6wT0MYKLDXPZGtov-k1vDV6OJKAc1wB4Qko",
						"type": "default"
					}
				],
				"body": {
					"mode": "raw",
					"raw": "{\r\n    \"password\":\"hello\",\r\n    \"password2\":\"hello\"\r\n}",
					"options": {
						"raw": {
							"language": "json"
						}
					}
				},
				"url": {
					"raw": "http://127.0.0.1:8000/api/user/changepassword/",
					"protocol": "http",
					"host": [
						"127",
						"0",
						"0",
						"1"
					],
					"port": "8000",
					"path": [
						"api",
						"user",
						"changepassword",
						""
					]
				}
			},
			"response": []
		},
		{
			"name": "Send Password Reset Email",
			"request": {
				"method": "POST",
				"header": [
					{
						"key": "Accept",
						"value": "application/json",
						"type": "default"
					}
				],
				"body": {
					"mode": "raw",
					"raw": "{\r\n    \"email\":\"sonam@example.com\"\r\n}",
					"options": {
						"raw": {
							"language": "json"
						}
					}
				},
				"url": {
					"raw": "http://127.0.0.1:8000/api/user/send-reset-password-email/",
					"protocol": "http",
					"host": [
						"127",
						"0",
						"0",
						"1"
					],
					"port": "8000",
					"path": [
						"api",
						"user",
						"send-reset-password-email",
						""
					]
				}
			},
			"response": []
		},
		{
			"name": "Reset User Password",
			"request": {
				"method": "POST",
				"header": [
					{
						"key": "Accept",
						"value": "application/json",
						"type": "default"
					}
				],
				"body": {
					"mode": "raw",
					"raw": "{\r\n    \"password\":\"hello123\",\r\n    \"password2\":\"hello123\"\r\n}",
					"options": {
						"raw": {
							"language": "json"
						}
					}
				},
				"url": {
					"raw": "http://127.0.0.1:8000/api/user/reset-password/NQ/b25g11-b9b46ea0cf2f1ec6d8f0cd15a1706036/",
					"protocol": "http",
					"host": [
						"127",
						"0",
						"0",
						"1"
					],
					"port": "8000",
					"path": [
						"api",
						"user",
						"reset-password",
						"NQ",
						"b25g11-b9b46ea0cf2f1ec6d8f0cd15a1706036",
						""
					]
				}
			},
			"response": []
		}
	]
}